USE hotel_management_njupt;

-- 清空现有数据(可选)
SET FOREIGN_KEY_CHECKS = 0;
TRUNCATE TABLE reviews;
TRUNCATE TABLE orders;
TRUNCATE TABLE rooms;
TRUNCATE TABLE customers;
TRUNCATE TABLE hotels;
TRUNCATE TABLE users;
SET FOREIGN_KEY_CHECKS = 1;

-- 插入酒店数据 (5条)
INSERT INTO hotels (id, name, address, phone, star_level, description, status, created_at) VALUES
                                                                                               (1, '北京国际大酒店', '北京市朝阳区中央商务区101号', '010-12345678', 5, '五星级豪华酒店，位于市中心，交通便利', 'active', 1672531200),
                                                                                               (2, '上海商务酒店', '上海市浦东新区陆家嘴金融区202号', '021-87654321', 4, '商务型酒店，靠近地铁站', 'active', 1672617600),
                                                                                               (3, '广州花园酒店', '广州市天河区珠江新城303号', '020-11111111', 4, '花园式酒店，环境优美', 'active', 1672704000),
                                                                                               (4, '深圳科技园酒店', '深圳市南山区科技园404号', '0755-22222222', 3, '科技园区内酒店，适合商务住宿', 'active', 1672790400),
                                                                                               (5, '成都文化酒店', '成都市锦江区春熙路505号', '028-33333333', 4, '具有当地文化特色的精品酒店', 'active', 1672876800);

-- 插入房间数据 (25条)
INSERT INTO rooms (id, hotel_id, room_type, room_number, price, status, created_at) VALUES
-- 北京国际大酒店房间 (5条)
(1, 1, '豪华大床房', '801', 888.00, 'available', 1672531200),
(2, 1, '行政套房', '901', 1888.00, 'available', 1672531200),
(3, 1, '标准双床房', '701', 688.00, 'available', 1672531200),
(4, 1, '豪华大床房', '802', 888.00, 'available', 1672531200),
(5, 1, '总统套房', '1001', 3888.00, 'available', 1672531200),

-- 上海商务酒店房间 (5条)
(6, 2, '商务大床房', '501', 688.00, 'available', 1672617600),
(7, 2, '标准双床房', '502', 588.00, 'available', 1672617600),
(8, 2, '行政套房', '601', 1288.00, 'available', 1672617600),
(9, 2, '商务大床房', '503', 688.00, 'available', 1672617600),
(10, 2, '豪华套房', '701', 1688.00, 'available', 1672617600),

-- 广州花园酒店房间 (5条)
(11, 3, '园景大床房', '301', 788.00, 'available', 1672704000),
(12, 3, '标准双床房', '302', 588.00, 'available', 1672704000),
(13, 3, '行政套房', '401', 1388.00, 'available', 1672704000),
(14, 3, '园景双床房', '303', 688.00, 'available', 1672704000),
(15, 3, '豪华大床房', '501', 988.00, 'available', 1672704000),

-- 深圳科技园酒店房间 (5条)
(16, 4, '科技大床房', '201', 588.00, 'available', 1672790400),
(17, 4, '标准双床房', '202', 488.00, 'available', 1672790400),
(18, 4, '商务套房', '301', 988.00, 'available', 1672790400),
(19, 4, '科技大床房', '203', 588.00, 'available', 1672790400),
(20, 4, '行政套房', '401', 1188.00, 'available', 1672790400),

-- 成都文化酒店房间 (5条)
(21, 5, '文化大床房', '401', 688.00, 'available', 1672876800),
(22, 5, '标准双床房', '402', 588.00, 'available', 1672876800),
(23, 5, '文化套房', '501', 1088.00, 'available', 1672876800),
(24, 5, '豪华大床房', '601', 888.00, 'available', 1672876800),
(25, 5, '家庭套房', '701', 1288.00, 'available', 1672876800);

-- 插入客户数据 (20条)
INSERT INTO customers (id, name, phone, email, id_card, created_at) VALUES
                                                                        (1, '张三', '13800138000', 'zhangsan@example.com', '110101199001011234', 1672531200),
                                                                        (2, '李四', '13900139000', 'lisi@example.com', '110101199002021235', 1672531200),
                                                                        (3, '王五', '13700137000', 'wangwu@example.com', '110101199003031236', 1672531200),
                                                                        (4, '赵六', '13600136000', 'zhaoliu@example.com', '110101199004041237', 1672531200),
                                                                        (5, '钱七', '13500135000', 'qianqi@example.com', '110101199005051238', 1672531200),
                                                                        (6, '孙八', '13400134000', 'sunba@example.com', '110101199006061239', 1672531200),
                                                                        (7, '周九', '13300133000', 'zhoujiu@example.com', '110101199007071240', 1672531200),
                                                                        (8, '吴十', '13200132000', 'wushi@example.com', '110101199008081241', 1672531200),
                                                                        (9, '郑十一', '13100131000', 'zhengshiyi@example.com', '110101199009091242', 1672531200),
                                                                        (10, '王十二', '13000130000', 'wangshier@example.com', '110101199010101243', 1672531200),
                                                                        (11, '李十三', '13800138001', 'lishisan@example.com', '110101199011111244', 1672531200),
                                                                        (12, '张十四', '13900139001', 'zhangshisi@example.com', '110101199012121245', 1672531200),
                                                                        (13, '赵十五', '13700137001', 'zhaoshiwu@example.com', '110101199013131246', 1672531200),
                                                                        (14, '钱十六', '13600136001', 'qianshiliu@example.com', '110101199014141247', 1672531200),
                                                                        (15, '孙十七', '13500135001', 'sunshiqi@example.com', '110101199015151248', 1672531200),
                                                                        (16, '周十八', '13400134001', 'zhoushiba@example.com', '110101199016161249', 1672531200),
                                                                        (17, '吴十九', '13300133001', 'wushijiu@example.com', '110101199017171250', 1672531200),
                                                                        (18, '郑二十', '13200132001', 'zhengershi@example.com', '110101199018181251', 1672531200),
                                                                        (19, '王二十一', '13100131001', 'wanger shiyi@example.com', '110101199019191252', 1672531200),
                                                                        (20, '李二十二', '13000130001', 'lier shier@example.com', '110101199020201253', 1672531200);

-- 插入订单数据 (30条)
INSERT INTO orders (id, order_number, customer_id, room_id, check_in_date, check_out_date, total_amount, status, created_at) VALUES
-- 2023年订单
(1, 'ORD20230101001', 1, 1, '2023-01-10', '2023-01-12', 1776.00, 'checked_out', 1672531200),
(2, 'ORD20230102001', 2, 6, '2023-01-15', '2023-01-17', 1376.00, 'checked_out', 1672617600),
(3, 'ORD20230103001', 3, 11, '2023-01-20', '2023-01-22', 1576.00, 'checked_out', 1672704000),
(4, 'ORD20230104001', 4, 16, '2023-01-25', '2023-01-27', 1176.00, 'checked_out', 1672790400),
(5, 'ORD20230105001', 5, 21, '2023-02-01', '2023-02-03', 1376.00, 'checked_out', 1672876800),
(6, 'ORD20230201001', 6, 2, '2023-02-05', '2023-02-07', 3776.00, 'checked_out', 1672963200),
(7, 'ORD20230202001', 7, 7, '2023-02-10', '2023-02-12', 1176.00, 'checked_out', 1673049600),
(8, 'ORD20230203001', 8, 12, '2023-02-15', '2023-02-17', 1176.00, 'checked_out', 1673136000),
(9, 'ORD20230204001', 9, 17, '2023-02-20', '2023-02-22', 976.00, 'checked_out', 1673222400),
(10, 'ORD20230205001', 10, 22, '2023-02-25', '2023-02-27', 1176.00, 'checked_out', 1673308800),
(11, 'ORD20230301001', 11, 3, '2023-03-01', '2023-03-03', 1376.00, 'checked_out', 1673395200),
(12, 'ORD20230302001', 12, 8, '2023-03-05', '2023-03-07', 2576.00, 'checked_out', 1673481600),
(13, 'ORD20230303001', 13, 13, '2023-03-10', '2023-03-12', 2776.00, 'checked_out', 1673568000),
(14, 'ORD20230304001', 14, 18, '2023-03-15', '2023-03-17', 1976.00, 'checked_out', 1673654400),
(15, 'ORD20230305001', 15, 23, '2023-03-20', '2023-03-22', 2176.00, 'checked_out', 1673740800),
(16, 'ORD20230401001', 16, 4, '2023-04-01', '2023-04-03', 1776.00, 'checked_in', 1673827200),
(17, 'ORD20230402001', 17, 9, '2023-04-05', '2023-04-07', 1376.00, 'checked_in', 1673913600),
(18, 'ORD20230403001', 18, 14, '2023-04-10', '2023-04-12', 1376.00, 'confirmed', 1674000000),
(19, 'ORD20230404001', 19, 19, '2023-04-15', '2023-04-17', 1176.00, 'confirmed', 1674086400),
(20, 'ORD20230405001', 20, 24, '2023-04-20', '2023-04-22', 1776.00, 'pending', 1674172800),
(21, 'ORD20230501001', 1, 5, '2023-05-01', '2023-05-03', 7776.00, 'pending', 1674259200),
(22, 'ORD20230502001', 2, 10, '2023-05-05', '2023-05-07', 3376.00, 'pending', 1674345600),
(23, 'ORD20230503001', 3, 15, '2023-05-10', '2023-05-12', 1976.00, 'pending', 1674432000),
(24, 'ORD20230504001', 4, 20, '2023-05-15', '2023-05-17', 2376.00, 'pending', 1674518400),
(25, 'ORD20230505001', 5, 25, '2023-05-20', '2023-05-22', 2576.00, 'pending', 1674604800),

-- 2024年订单
(26, 'ORD20240101001', 6, 1, '2024-01-10', '2024-01-12', 1776.00, 'checked_out', 1674691200),
(27, 'ORD20240102001', 7, 6, '2024-01-15', '2024-01-17', 1376.00, 'checked_out', 1674777600),
(28, 'ORD20240103001', 8, 11, '2024-01-20', '2024-01-22', 1576.00, 'checked_out', 1674864000),
(29, 'ORD20240104001', 9, 16, '2024-01-25', '2024-01-27', 1176.00, 'checked_in', 1674950400),
(30, 'ORD20240105001', 10, 21, '2024-02-01', '2024-02-03', 1376.00, 'confirmed', 1675036800);

-- 插入评价数据 (15条)
INSERT INTO reviews (id, order_id, customer_id, hotel_id, rating, comment, reply, created_at) VALUES
                                                                                                  (1, 1, 1, 1, 5, '酒店环境很好，服务也很周到，下次还会选择这里。', '感谢您的好评，期待您的再次光临！', 1672617600),
                                                                                                  (2, 2, 2, 2, 4, '房间宽敞，设施齐全，位置便利。', '感谢您的评价，我们会继续努力提供更好的服务。', 1672704000),
                                                                                                  (3, 3, 3, 3, 5, '性价比很高，服务态度好，非常满意。', '感谢您的认可，期待再次为您服务。', 1672790400),
                                                                                                  (4, 4, 4, 4, 3, '房间还可以，但噪音有点大。', '非常抱歉给您带来不便，我们会加强管理。', 1672876800),
                                                                                                  (5, 5, 5, 5, 4, '很有特色的文化酒店，体验不错。', '感谢您的喜爱，期待您再次体验我们的文化特色。', 1672963200),
                                                                                                  (6, 6, 6, 1, 5, '豪华酒店就是不一样，设施完善，服务一流。', '感谢您的高度评价，我们将继续提供卓越服务。', 1673049600),
                                                                                                  (7, 7, 7, 2, 4, '商务出行首选，交通便利。', '感谢您的推荐，期待再次为您服务。', 1673136000),
                                                                                                  (8, 8, 8, 3, 5, '环境优美，服务贴心，非常满意。', '感谢您的满意，这是对我们最大的鼓励。', 1673222400),
                                                                                                  (9, 9, 9, 4, 3, '房间设施较旧，有待改善。', '感谢您的反馈，我们会尽快改进设施。', 1673308800),
                                                                                                  (10, 10, 10, 5, 4, '地理位置优越，周边餐饮丰富。', '感谢您的评价，期待您再次光临。', 1673395200),
                                                                                                  (11, 11, 11, 1, 5, '一如既往的好，每次来都住这里。', '感谢您的长期支持，我们会继续努力。', 1673481600),
                                                                                                  (12, 12, 12, 2, 4, '服务专业，房间整洁。', '感谢您的认可，期待再次为您服务。', 1673568000),
                                                                                                  (13, 13, 13, 3, 5, '花园环境很棒，让人放松。', '感谢您的喜爱，期待您的再次光临。', 1673654400),
                                                                                                  (14, 14, 14, 4, 4, '科技感十足的酒店，很新奇。', '感谢您的评价，我们会继续创新。', 1673740800),
                                                                                                  (15, 15, 15, 5, 5, '文化氛围浓厚，服务细致入微。', '感谢您的高度评价，期待再次为您服务。', 1673827200);

-- 插入用户数据 (3条)
INSERT INTO users (id, username, password, role, created_at) VALUES
                                                                 (1, 'admin', 'admin123', 'admin', 1672531200),
                                                                 (2, 'staff1', 'staff123', 'staff', 1672531200),
                                                                 (3, 'staff2', 'staff123', 'staff', 1672531200);